x,y,z,type
-18,26,231,minecraft:mob_spawner
-4,34,224,minecraft:mob_spawner
-42,33,255,minecraft:mob_spawner
-6,26,250,minecraft:mob_spawner
-3,26,251,minecraft:chest
-84,37,249,minecraft:mob_spawner
-36,26,295,minecraft:mob_spawner
-121,24,191,minecraft:chest
-123,24,191,minecraft:mob_spawner
-134,33,279,minecraft:mob_spawner
-133,32,316,minecraft:chest
-133,32,318,minecraft:mob_spawner
115,32,215,minecraft:chest
112,32,221,minecraft:chest
114,32,218,minecraft:mob_spawner
127,43,289,minecraft:mob_spawner
129,43,288,minecraft:chest
130,43,288,minecraft:chest
162,32,277,minecraft:chest
164,32,277,minecraft:mob_spawner
163,32,280,minecraft:chest
183,47,269,minecraft:mob_spawner
-161,40,0,minecraft:chest
-10,45,-3,minecraft:chest
-8,45,-5,minecraft:mob_spawner
-159,40,-3,minecraft:mob_spawner
