x,y,z,uuid,type,alive,display_name,custom_name
-37.227519611108235,83.0,241.49874813797916,55db8102-4f0a-42f1-a7f3-bfa59c08dd5b,minecraft:sheep,true,Sheep,[null]
-48.163601761424424,86.0,230.7680258562424,908d441a-87d9-4079-a793-bac8849c7de7,minecraft:sheep,true,Sheep,[null]
-7.0,84.0,250.0,52c0c40d-0c9e-4822-a85c-cf1b2e1c1413,minecraft:cow,true,Cow,[null]
-8.723892528154714,84.0,244.83389671075187,3996f661-e740-4fcb-a585-24fe9ea4cd3d,minecraft:pig,true,Pig,[null]
-40.5,26.0625,266.5,8543916f-21d8-4a79-b619-926db2df511b,minecraft:chest_minecart,true,Minecart with Chest,[null]
0.5464814085163028,81.0,254.81482985292894,856c53ad-17b8-4edc-b06c-4bea6d194780,minecraft:cow,true,Cow,[null]
-3.858009134495433,84.0,264.13724969256367,fbe8b1c9-437d-4775-bdcf-8bfbd6df07c1,minecraft:cow,true,Cow,[null]
2.7314951360233013,81.0,260.4978032754964,984a687b-fce0-45ae-9f4f-df6a4d3f4582,minecraft:cow,true,Cow,[null]
-64.83373978253984,85.0,213.7558466082888,6f932694-1572-4b66-b441-844c4e1f2ee9,minecraft:chicken,true,Chicken,[null]
-71.0,86.0,220.0,deae7bff-613c-48c0-b562-4e67938ca533,minecraft:chicken,true,Chicken,[null]
-66.35494735369483,84.0,207.79673878277782,4a7f6045-0e24-4fbd-aab5-bc07ec680379,minecraft:chicken,true,Chicken,[null]
-77.14377623383831,86.0,222.2136777232453,9dc3de45-4172-48ef-98cb-2db793fb254a,minecraft:chicken,true,Chicken,[null]
17.5,24.0625,251.5,01b452fa-70ee-4327-8f71-38f477abedbc,minecraft:chest_minecart,true,Minecart with Chest,[null]
-4.827010800865476,83.0,275.2387917698898,867102f9-fe72-4d8e-a5a7-01826950a6f9,minecraft:cow,true,Cow,[null]
-24.5,40.0625,280.5,63f952b2-b1f1-4b22-8e28-19d0d0d67ed6,minecraft:chest_minecart,true,Minecart with Chest,[null]
-22.5,40.0625,278.5,a275de48-000a-486f-bfe9-50d2f2a13a83,minecraft:chest_minecart,true,Minecart with Chest,[null]
-74.2486639221502,66.0,263.80342680118076,27fc1066-567a-424f-a952-05c7d3f810ed,minecraft:pig,true,Pig,[null]
-74.35799774346616,66.0,268.80749971138147,3d1add68-4ad2-4305-a304-a699bb6be3d7,minecraft:pig,true,Pig,[null]
-65.78564013765615,65.0,271.75008968894787,c4cc3fa7-7088-4370-9d51-cf5c75a86219,minecraft:pig,true,Pig,[null]
-76.36961548949164,65.0,284.187945304395,61119212-5ff1-410c-9c40-56697652aa80,minecraft:pig,true,Pig,[null]
10.0,67.0,296.0,2be446df-5994-49d4-aed9-cbbf0d245654,minecraft:pig,true,Pig,[null]
14.22116126616322,69.0,299.19534333110454,cbecabee-7485-4ce4-a604-2c7b252d90e0,minecraft:pig,true,Pig,[null]
10.0,67.0,295.0,495badde-b178-4603-ab23-a36f705fcb8b,minecraft:pig,true,Pig,[null]
46.751137431620016,71.0,282.20086360343663,486a35ae-e2e2-489d-b242-5bae4b8de01b,minecraft:pig,true,Pig,[null]
-94.5,39.0625,251.5,476d8452-ec84-4724-9ea7-1609a282928b,minecraft:chest_minecart,true,Minecart with Chest,[null]
-51.191743050109295,71.0,308.0642937275951,aa8a16fc-6fc1-4cc4-99fd-0d1b5ddd7ad1,minecraft:cow,true,Cow,[null]
-43.068213871280605,72.0,297.2443731069455,d7f301cd-7af4-4d9f-b257-94669272dec7,minecraft:cow,true,Cow,[null]
-44.09817587800622,72.0,296.9811811639678,0c319fc0-7556-46c3-bed7-1097bdb892cf,minecraft:cow,true,Cow,[null]
-31.821006965756588,71.0,301.24494843146607,2f126be7-803f-4150-b8c2-12099ccebbb0,minecraft:cow,true,Cow,[null]
-90.5,40.0625,264.50999999046326,f5a7fcd5-fc9f-4695-985b-c7f83de96315,minecraft:chest_minecart,true,Minecart with Chest,[null]
47.7587065222298,71.0,281.5250644279483,5885af7f-e774-44b5-9297-a24946bdb53e,minecraft:pig,true,Pig,[null]
1.1951490568985765,73.0,322.2510441600076,1cd76cb9-b4ae-4706-84e2-9d96ffe65c89,minecraft:sheep,true,Sheep,[null]
-12.215639104020475,72.0,322.2113267266891,bd146cc3-ca7e-4c7d-8775-e29f8ef176c8,minecraft:sheep,true,Sheep,[null]
-4.256374979078828,73.0,319.20013626830803,0cf69ca5-4b3c-434e-b986-997cfcd71927,minecraft:sheep,true,Sheep,[null]
63.50636615741026,81.0,305.20206681795327,1b85f5ed-9d29-4c41-804b-9a9c3c2aa7de,minecraft:cow,true,Cow,[null]
-80.27640079076134,69.0,323.2505982823067,c982c012-4280-4778-92c3-7f29b5484c22,minecraft:pig,true,Pig,[null]
-105.5,36.0625,255.5,ce51101c-1cee-4326-8e2d-d985c4d3d818,minecraft:chest_minecart,true,Minecart with Chest,[null]
64.79661785846305,77.0,297.8179251111511,6f61eccd-344c-4fb8-bd12-c2d1952813bc,minecraft:cow,true,Cow,[null]
65.53490696062045,82.0,309.0549302873775,008ba270-ea5e-405e-8fab-aff03283da3b,minecraft:cow,true,Cow,[null]
64.5313979828681,81.0,306.2167559012643,dd7ec271-4bc2-46e4-bc8e-741789c08cb7,minecraft:cow,true,Cow,[null]
-21.190435269899545,71.0,330.1895979945659,04bca338-d5d5-4e1d-b74d-85e09900d0c1,minecraft:sheep,true,Sheep,[null]
-69.54522191491147,70.0,327.9499614386861,9f4af8ca-795b-4d39-a54d-20aa1c99cd78,minecraft:pig,true,Pig,[null]
-68.46052359238288,70.0,327.2686082186781,99dd0973-267a-41a3-b73b-586ea5a50655,minecraft:pig,true,Pig,[null]
-77.74917054484821,70.0,328.2020701180054,edbda3ef-ddae-4fc6-8754-8465f3414d1e,minecraft:pig,true,Pig,[null]
-22.580759218528947,71.0,106.30340893995873,e561f530-c44c-4ea5-a8cd-20a4448fac20,minecraft:sheep,true,Sheep,[null]
-139.5,33.0625,333.5,5813772a-cd15-4112-b0a7-6d447bced341,minecraft:chest_minecart,true,Minecart with Chest,[null]
-124.0,69.0,350.0,dea90baf-ffbe-4558-853f-e3fdcc4feed0,minecraft:cow,true,Cow,[null]
39.0,73.0,118.0,939b6a44-bd19-46aa-a437-c79ac9257a16,minecraft:wolf,true,Wolf,[null]
-17.44999998807907,72.0,105.50201280413059,25695977-4848-4b11-ad7a-c4234a638eff,minecraft:sheep,true,Sheep,[null]
-19.844145431148704,73.0,112.20952166901378,85e92ee0-6f07-438e-bba9-99dae28575b1,minecraft:sheep,true,Sheep,[null]
-24.814243013237988,69.0,101.8028118982766,0679aac1-b873-4279-91d8-8406295e69be,minecraft:sheep,true,Sheep,[null]
107.5,35.0625,322.5,b6b4934d-b934-4867-8979-4fe5bb4aed33,minecraft:chest_minecart,true,Minecart with Chest,[null]
66.08456886478757,71.0,100.15316350144022,b212479d-41c6-438a-9a20-d5e50dcdece0,minecraft:chicken,true,Chicken,[null]
-153.23067594667086,84.0,135.83241933932078,779e6d4b-f863-4427-bb1c-66767e8ff3e9,minecraft:chicken,true,Chicken,[null]
-158.59349726805894,75.0,158.55071449474764,a23376ae-d6c9-4f1f-b2af-6c6f57e974d2,minecraft:chicken,true,Chicken,[null]
113.80286511697948,67.0,88.50770141987057,3de9ab50-9dfa-4a95-a3d0-09edca69e5d1,minecraft:cow,true,Cow,[null]
115.8262418213409,64.0,80.76117119928358,a415c915-38ef-487b-a302-fc3dc861a11f,minecraft:cow,true,Cow,[null]
114.0,64.0,351.0,00cf9014-e16c-44d6-af04-8fb02d143abd,minecraft:wolf,true,Wolf,[null]
-131.5096709605179,76.0,361.746677165229,937af5e9-f3a0-48f6-a023-c088bc8d80f5,minecraft:pig,true,Pig,[null]
-123.75776564283072,68.0,369.90262393266426,bf4fd241-af6b-481f-b3f1-6550d7a6c0e4,minecraft:pig,true,Pig,[null]
-123.31553880337464,68.0,368.95863945019795,98a2f42c-0249-428c-a73b-8aea29c0d910,minecraft:pig,true,Pig,[null]
-126.25341706840173,69.0,366.5036754432165,0d0b5b94-e547-4bc9-a16c-fcf30be6c8a3,minecraft:pig,true,Pig,[null]
-56.84177490389668,70.0,374.158266387828,f2c62af4-a653-44da-9af1-0c9318e06d39,minecraft:horse,true,Horse,[null]
-53.12828793795388,70.0,377.8716069768708,932febe4-474f-4422-bbbd-073908598003,minecraft:horse,true,Horse,[null]
-63.87638534197929,69.0,376.11615745323047,beefbeee-96c1-48cb-bed9-3bac49896261,minecraft:horse,true,Horse,[null]
-71.0,70.0,370.0,3325fa0a-85f0-46ee-9d9a-0114fa9e1153,minecraft:chicken,true,Chicken,[null]
-65.26176678645378,69.0,371.73201067480875,55bb5126-de8f-4fdb-918d-3651e855bfd9,minecraft:chicken,true,Chicken,[null]
-74.91361676434056,69.0,367.3979150817226,8f5b4052-767e-4d54-9ff3-30f85296fd84,minecraft:chicken,true,Chicken,[null]
-81.12902313343054,70.0,379.12904886070066,7aaafddd-02d3-4aa5-b411-70f0a33f7747,minecraft:chicken,true,Chicken,[null]
54.0,64.0,94.0,a875d1de-6e2a-45bf-ac6b-7fda94a28180,minecraft:chicken,true,Chicken,[null]
53.68758639510297,64.0,94.72580545089197,4f7d90b7-1298-4af7-abbc-1c1b2238cc0a,minecraft:chicken,true,Chicken,[null]
60.34443390130351,70.0,95.74616156819792,5e3a9f64-492f-42a4-bace-76ae4f515810,minecraft:chicken,true,Chicken,[null]
54.55000001192093,64.0,95.6531571813595,777ea818-2100-4da9-9da8-735300e57c61,minecraft:sheep,true,Sheep,[null]
134.61401751091566,47.0,302.4264071013786,baef6cae-d26b-4e1e-84c4-f186b7084164,minecraft:item,true,Rail,[null]
-62.949801786522514,70.0,384.02241058502307,8c959e17-d33a-4ff0-a633-acc6c209d3ff,minecraft:horse,true,Horse,[null]
-55.881833750652746,70.0,384.0203454881763,518a8cc0-6408-4072-9a1f-b26a74ddae08,minecraft:horse,true,Horse,[null]
-20.0,69.0,393.0,715eb55e-c9e1-48a1-ba3b-ec22d27d74b7,minecraft:pig,true,Pig,[null]
-20.0,69.0,397.0,db6cb4f9-2503-404c-94bc-47af1f8eef24,minecraft:pig,true,Pig,[null]
-18.0,69.0,393.0,45da6a95-4169-4b30-ad8b-f08dfa6ede67,minecraft:pig,true,Pig,[null]
-18.0,69.0,392.0,0e727439-e907-47a4-bb09-a2b258bb5150,minecraft:pig,true,Pig,[null]
-174.9042371342907,71.0,254.12322754186974,6a8ce6b6-59ad-4e1d-a6ef-cf3412c1abaf,minecraft:cow,true,Cow,[null]
-177.6520423094265,70.0,253.04787425438323,ee126c70-d400-401d-b9c1-447a3cf552ac,minecraft:cow,true,Cow,[null]
-173.9538938213662,71.0,254.55000001192093,50e2a9c5-2d06-44af-83ef-6ead69ea5944,minecraft:cow,true,Cow,[null]
-178.85752930413852,70.0,254.29641308945574,3adb283c-31df-4a02-9e6d-e4c28a1e11aa,minecraft:cow,true,Cow,[null]
-184.0,77.0,195.0,61fe0883-f170-4658-97bd-ee8b92b8524c,minecraft:sheep,true,Sheep,[null]
-187.0,76.0,196.0,178ccdf1-aea9-4745-85a3-b9c0f4070836,minecraft:sheep,true,Sheep,[null]
-190.0,75.0,196.0,f919e35b-0e15-4a7f-a98c-d1ad5351976b,minecraft:sheep,true,Sheep,[null]
-187.0,75.0,194.0,77ec1832-bf15-439f-b59c-6ebf96231ec2,minecraft:sheep,true,Sheep,[null]
84.0,77.0,385.0,341e06e0-9992-4f61-9d90-f4bbbe6ff193,minecraft:pig,true,Pig,[null]
84.0,77.0,386.0,fb180f58-24f9-4faa-ae1e-7b0dc5dcfc66,minecraft:pig,true,Pig,[null]
143.0,71.0,385.0,962e3125-22a3-4453-ba6c-6128135cc5bb,minecraft:cow,true,Cow,[null]
142.0,71.0,384.89999997615814,181b39ec-5ae0-498f-b74d-7d9710b9a14c,minecraft:cow,true,Cow,[null]
140.0,71.0,387.0,212aef97-b044-4fcd-85ee-7ea6b554135c,minecraft:cow,true,Cow,[null]
138.0,71.0,388.0,e199af28-0aaa-4ff6-ae11-3001a9ef21fd,minecraft:cow,true,Cow,[null]
93.5,10.0625,55.5,de7d4f2d-447d-4e38-8be0-ede4ed0fa688,minecraft:chest_minecart,true,Minecart with Chest,[null]
152.9273846362781,69.0,286.3869853384359,32eab78f-d417-4421-a3ed-c5a3d12c04f7,minecraft:chicken,true,Chicken,[null]
149.80749689354212,69.0,284.8338553246576,e51decf1-b18d-4fca-8d6e-ccbada875893,minecraft:chicken,true,Chicken,[null]
149.0,69.0,287.0,e34f24cd-f7dc-4f4b-b7c0-0657bf2a7e4f,minecraft:chicken,true,Chicken,[null]
150.0,68.0,283.0,60c5e706-7b48-47f1-a3fb-7f7c33d80f80,minecraft:chicken,true,Chicken,[null]
156.0,71.0,371.0,85ab2f69-a0ab-48ed-9b29-0bc0776c916a,minecraft:sheep,true,Sheep,[null]
156.0,71.0,371.0,2daa57bb-e33e-467c-809e-3ea78bc80692,minecraft:sheep,true,Sheep,[null]
158.0,71.0,372.0,6a3e1351-720d-40e1-abf7-bb690960dff0,minecraft:sheep,true,Sheep,[null]
159.0,71.0,371.0,2a5caaf5-d7bf-4f43-9b16-ce3681910502,minecraft:sheep,true,Sheep,[null]
-137.0,64.0,408.0,b204e107-080e-4290-835c-52304ecdd1f0,minecraft:sheep,true,Sheep,[null]
-137.0,64.0,407.0,5ea0ec4b-6709-4efb-a9a0-b6e2147ea508,minecraft:sheep,true,Sheep,[null]
-138.0,64.0,408.0,6cf48b78-2538-4a37-b912-68ab91a7dc2d,minecraft:sheep,true,Sheep,[null]
-138.0,64.0,408.0,4358a93f-02c6-4a59-ad2e-40ecf7e05876,minecraft:sheep,true,Sheep,[null]
-140.0,64.0,414.0,c2ac0e5a-6e12-46d3-8040-04aad7b152a5,minecraft:chicken,true,Chicken,[null]
-138.0,64.0,415.0,566c4ff6-07e4-4182-9c85-572efa49cd57,minecraft:chicken,true,Chicken,[null]
-134.0,64.0,413.0,0c1ebb6c-68ca-4fbb-bb1d-461ae8ef782a,minecraft:chicken,true,Chicken,[null]
-134.0,64.0,413.0,998e1588-5b13-4e33-9231-17804d8dcabe,minecraft:chicken,true,Chicken,[null]
-116.0,64.0,408.0,848f3095-687c-4b47-8e9b-20e90711381f,minecraft:chicken,true,Chicken,[null]
-115.0,64.0,406.0,45d3776d-7dfd-4bfa-91ba-42a7deea7c37,minecraft:chicken,true,Chicken,[null]
-113.0,64.0,405.0,1ccaead1-e1c0-4add-ba0b-53e167ef0af4,minecraft:chicken,true,Chicken,[null]
-115.0,64.0,408.0,a9dafd0b-2469-4ab8-8095-bea6c4ab0f67,minecraft:chicken,true,Chicken,[null]
89.0,72.0,411.0,52e3dd30-9654-45c4-90a9-595959b06123,minecraft:wolf,true,Wolf,[null]
148.5,15.0625,58.5,74867c00-2fde-455c-8dd3-57397dfdfdd5,minecraft:chest_minecart,true,Minecart with Chest,[null]
-40.86512939080387,63.0,164.19105410692976,eae0f57a-f5fe-4e18-9a90-d5d4bf923d28,minecraft:player,true,JellyTofuFish,[null]
-5.0,68.0,47.0,33254c2f-ab29-40fa-afc8-490ff3dca8d3,minecraft:sheep,true,Sheep,[null]
-4.0,68.0,46.0,bc13eecd-1c07-4612-b25f-8b1f6dc1eaa6,minecraft:sheep,true,Sheep,[null]
0.24706885976422943,69.0,50.184401771226604,265696cf-5fe3-4984-8265-fa68662f6a90,minecraft:sheep,true,Sheep,[null]
1.2022446218327143,69.0,49.199365426978204,230fa186-b37e-4f84-9811-c378d1c317a9,minecraft:sheep,true,Sheep,[null]
-137.0,64.0,45.0,b7e68adf-1aaa-427d-948e-aab6cb117914,minecraft:chicken,true,Chicken,[null]
-140.0,64.0,44.0,08241c3b-9aa5-42d9-aca0-bc7586c05815,minecraft:chicken,true,Chicken,[null]
-140.0,64.0,44.0,e9eaef3b-6fe0-4b4f-a610-bada4d4ee94d,minecraft:chicken,true,Chicken,[null]
-140.1956996332234,64.0,40.89792882324218,40a26a5c-a59b-4366-b166-173707cda8f6,minecraft:chicken,true,Chicken,[null]
-197.0,77.0,37.0,1425bdb4-95ab-4f6c-b3a1-80f4528bb577,minecraft:cow,true,Cow,[null]
-193.0,77.0,39.0,60470ce1-a72d-4e08-a2f6-dd66d4a111d9,minecraft:cow,true,Cow,[null]
-198.0,77.0,39.0,b3d14783-0682-409f-b53d-fccbd6ac9d92,minecraft:cow,true,Cow,[null]
-198.0,76.0,37.0,929635db-a086-4ab3-ac74-30be6707705c,minecraft:cow,true,Cow,[null]
-65.78468932332508,85.0,212.91928021955746,c91d3b07-75e9-4122-a75c-cb031567e76c,minecraft:item,true,Egg,[null]
34.059317874232065,59.89951122332035,197.29175057401915,68ab87fd-6e09-41f9-a5ad-494066fb7273,minecraft:salmon,true,Salmon,[null]
-74.17784649540793,69.0,366.48805887588003,6398cc13-f1d2-41ec-b365-17c3c15f2d3e,minecraft:item,true,Egg,[null]
-31.5,50.0,252.5,a56f7836-16a8-486a-bea1-83572cf69f1a,minecraft:skeleton,true,Skeleton,[null]
53.15513336813491,64.0,93.65329041093678,abc42dad-1d46-4baf-a297-d43b820369f6,minecraft:item,true,Egg,[null]
33.56682817401099,59.0,199.6433771431467,b441bfe6-612f-42f5-9bc7-dfa34da28c92,minecraft:salmon,true,Salmon,[null]
75.5,20.0,170.5,8494eed4-824d-4028-980a-e87724c6f2cc,minecraft:creeper,true,Creeper,[null]
-21.5,65.0,282.5,8b804093-12d0-45e4-80de-ce07dc44464f,minecraft:skeleton,true,Skeleton,[null]
-32.526595558722924,26.0,230.81826284504345,e3c635c8-7165-4645-bbf8-253899a68dac,minecraft:creeper,true,Creeper,[null]
-81.85630670109876,70.0,379.23258140260754,7fff980c-452a-4cd2-befe-035e3565a5e1,minecraft:item,true,Egg,[null]
65.59512625363419,44.05264303079647,152.9225640838926,77ade4c6-cd6b-4507-9b8e-665d2bd6aa97,minecraft:bat,true,Bat,[null]
-66.36200414031359,84.0,207.5104027722844,98783421-97e0-4154-96b5-0aa3390dd936,minecraft:item,true,Egg,[null]
60.57584290544993,62.69478667184873,178.37626173373937,34383f4f-c99a-4923-b58b-21c0dc0893b3,minecraft:salmon,true,Salmon,[null]
32.57596040728146,57.9035840433184,200.60287838303074,193c9046-f8ad-46ed-b18c-79d02dea204d,minecraft:salmon,true,Salmon,[null]
31.143585784723502,57.0,199.37967750013257,252d3874-423e-49f1-b388-a017913bc317,minecraft:salmon,true,Salmon,[null]
-2.493090429807376,21.0,217.67111399904428,be3afa0f-1c55-4d7d-a4aa-4ce35efaa90e,minecraft:skeleton,true,Skeleton,[null]
-64.57748430948999,18.0,169.19356613878324,f1193d09-74ef-443c-b7c6-38bd4d8d4f03,minecraft:zombie,true,Zombie,[null]
73.5153327146956,42.0,152.82532079258058,739d88b5-02a6-4892-a1d5-5aa72e63e08a,minecraft:creeper,true,Creeper,[null]
-65.44482210194568,69.0,371.84351280310045,538545ee-6864-4475-893f-781b33d39f8a,minecraft:item,true,Egg,[null]
26.400000005960464,57.0,193.40000000596046,8df78d48-2241-4bea-9382-a5dc51678e43,minecraft:squid,true,Squid,[null]
-6.400830778530917,34.10000002384186,258.25,de8e1c68-db86-446f-841c-ec53c30f4e16,minecraft:bat,true,Bat,[null]
-80.44986500248955,23.0,263.18797285740084,d2c4d7a3-7465-4d93-a34f-5b2cbfc3aced,minecraft:creeper,true,Creeper,[null]
-36.209203743017156,55.0,89.50000497029008,fa637498-dcc6-4a41-96d2-05c4bb18e9eb,minecraft:zombie,true,Zombie,[null]
58.56624599655716,45.0,127.25490498360463,cd52f972-969d-444a-80f5-e6450b14c502,minecraft:zombie,true,Zombie,[null]
-77.5,57.0,123.5,184bb69b-16db-4cc7-82af-7b0f2da1646d,minecraft:creeper,true,Creeper,[null]
71.71749197631596,41.0,167.48703809252356,4e5d63ef-8b1b-43b8-9cdf-c7bcababa324,minecraft:skeleton,true,Skeleton,[null]
62.48242353006535,34.0,186.200498432802,14e1b63c-1ef3-4994-ae18-55908171d5ee,minecraft:zombie,true,Zombie,[null]
-14.267245444143233,62.0,166.77050308525665,95fb8b96-f558-44d9-807a-e071cd93db53,minecraft:skeleton,true,Skeleton,[null]
6.290224806542478,64.0,182.49704370201565,81f3ad53-c347-4212-81c6-a9ace926a666,minecraft:skeleton,true,Skeleton,[null]
-18.215785980526793,64.0,168.26176447869076,3b258d88-418a-4f97-b867-f5b0195eaca0,minecraft:skeleton,true,Skeleton,[null]
-75.31873091733203,27.112448023069653,187.46527850352024,382f48e6-6eb1-48c0-9426-492c0757153c,minecraft:bat,true,Bat,[null]
-153.875,84.0,136.00149212388726,1817d2b5-2a19-4a2e-a8d8-75cdb5edc91a,minecraft:item,true,Egg,[null]
-8.5,22.0,222.5,eaa900aa-9ffc-43cc-bc2e-f9ce1134e545,minecraft:zombie,true,Zombie,[null]
-60.20051847865403,21.0,188.51003264515987,12af3258-86f1-4e91-b4d3-967925fffc8c,minecraft:zombie,true,Zombie,[null]
-63.483048328557466,22.0,190.809670579472,ee16d566-be0f-4252-bca8-457144c1859a,minecraft:zombie,true,Zombie,[null]
-61.493312622652944,21.0,189.73131397235443,7c4c7a1e-a4d7-49c9-a3d0-b2dd3c4be0fb,minecraft:skeleton,true,Skeleton,[null]
63.5,41.0,112.5,e9341101-25ae-4ff3-a301-ad886aec700a,minecraft:zombie,true,Zombie,[null]
84.5503286640663,61.89842970353347,144.594350542855,743ebe74-13db-47d6-9327-9eeccb1046ec,minecraft:salmon,true,Salmon,[null]
82.48509343436308,61.0,143.4723551494576,baad9279-cd02-4302-8bc6-627fe4614c47,minecraft:salmon,true,Salmon,[null]
170.0,69.0,304.89999997615814,8af9ee5c-48d1-495c-b89e-8ed069de9506,minecraft:sheep,true,Sheep,[null]
170.0,69.0,307.0,ef4c7c1b-2b79-48ed-a157-459075654303,minecraft:sheep,true,Sheep,[null]
172.0,63.0,69.0,e8af246e-af1f-4e0f-b0cb-f96f1e3cec47,minecraft:pig,true,Pig,[null]
174.0,63.0,72.0,becfad57-9e21-4f47-9a2b-f4be36b6321f,minecraft:pig,true,Pig,[null]
-70.41716101087405,86.0,219.29391901240982,6cf22ff4-3b61-4065-af08-106cf7a290d8,minecraft:item,true,Egg,[null]
76.78620100405763,31.0,130.51602982145408,83b1329d-f8b7-408f-bfc6-570577837f70,minecraft:creeper,true,Creeper,[null]
54.54187094770344,62.691473125359586,164.70342105050767,90575b30-9eef-4e2f-96b2-3a7d3441e225,minecraft:salmon,true,Salmon,[null]
52.47377678675526,62.03991171937122,163.4747982550513,bb6cb97e-950d-4cab-8d3e-77f8ef34c25c,minecraft:salmon,true,Salmon,[null]
53.63766839908098,62.546171900475564,166.59973787922672,add64767-c4fa-49e9-8cf5-b97fab99e26c,minecraft:salmon,true,Salmon,[null]
51.44960691860494,62.030742235623414,165.60609014342978,adc41ba1-854c-46c8-8f79-66ac65144a90,minecraft:salmon,true,Salmon,[null]
-31.5,40.0,279.5,f03f4235-f93e-4daa-97d6-06e1ea3d0da4,minecraft:skeleton,true,Skeleton,[null]
-21.740617188474822,40.0,279.49945493417084,9193b2fe-a0cc-4a21-acf3-5e4814ede4e4,minecraft:skeleton,true,Skeleton,[null]
-28.74938423340669,38.0,284.69999998807907,875a99d7-06e5-4cc2-a46d-2cb3cfee9342,minecraft:skeleton,true,Skeleton,[null]
42.29015054537525,38.0,203.49185011410134,8b37e828-6b1d-4032-a4d1-c93973f77b1a,minecraft:skeleton,true,Skeleton,[null]
-89.125,26.100000023841858,224.524268447846,97a38b1d-34ea-4e62-9388-56e714235124,minecraft:bat,true,Bat,[null]
-76.20291617968219,86.0,221.38599234285624,48d3c66a-25fd-4e43-b584-b67f52a0d4db,minecraft:item,true,Egg,[null]
70.5,22.0,167.5,39156c44-7247-4dd5-a41d-ee0d5259bd57,minecraft:skeleton,true,Skeleton,[null]
47.011288650220614,42.0,203.38361867794592,36531ddc-1ccc-41b2-b0ee-0f751f60078d,minecraft:skeleton,true,Skeleton,[null]
41.73126484015116,45.0,203.49939806411453,573b5726-1311-4829-a4a8-e3eef87f0d87,minecraft:skeleton,true,Skeleton,[null]
22.5,51.0,272.5,9d677330-251b-4bb5-8fba-05ca830e03d0,minecraft:skeleton,true,Skeleton,[null]
-21.513663440060068,32.40443439409788,231.5030287927917,c0a63b72-4e07-4e24-bcb4-767577540922,minecraft:bat,true,Bat,[null]
41.25,39.55653163401464,213.75,69ed892d-d077-495a-b35c-4dc5c07a4e12,minecraft:bat,true,Bat,[null]
185.0,64.0,219.0,42b0df76-3f87-4c12-acf9-fa40a28acc5b,minecraft:sheep,true,Sheep,[null]
187.0,65.0,221.0,53bdbc6f-905f-4dad-a0a5-51f41c47b799,minecraft:sheep,true,Sheep,[null]
179.0,72.0,352.40000000596046,e5850fee-cda8-4ff9-b239-ca83666257cf,minecraft:chicken,true,Chicken,[null]
178.0,72.0,352.40000000596046,d4a59e2e-6b72-4a1e-b60f-c5113228e7cf,minecraft:chicken,true,Chicken,[null]
177.0,72.0,352.40000000596046,d0054a76-c242-4061-8f93-29955a80d745,minecraft:chicken,true,Chicken,[null]
187.0,63.0,246.0,e96e8c09-6a40-45ac-b79e-80d810346fc7,minecraft:wolf,true,Wolf,[null]
185.0,63.0,253.0,c4cf7070-4964-406e-bf5e-49fcbe46dc44,minecraft:wolf,true,Wolf,[null]
183.0,70.0,27.0,f825b685-ebb7-4793-afa6-3b4e206709a4,minecraft:chicken,true,Chicken,[null]
184.0,70.0,28.0,3e498f75-04af-4563-b575-c2c4ae6a6d77,minecraft:chicken,true,Chicken,[null]
-8.711306342256782,58.0,237.30000001192093,cab610c7-394e-4e83-a4b4-579a834ba447,minecraft:spider,true,Spider,[null]
-10.502612711660207,58.0,237.32222393249384,4ec9baf0-6f0b-4d99-a1b8-f4c44c0b24a1,minecraft:skeleton,true,Skeleton,[null]
2.5,15.0,213.5,9effa461-3baa-487a-8247-aba40626d06c,minecraft:witch,true,Witch,[null]
-67.86622547862225,52.02766399909711,254.4921006269981,5aab166f-fae4-40a5-ab7d-68ad03f3d1a7,minecraft:bat,true,Bat,[null]
-69.62766841994704,50.0,250.9979028828285,d0d5ece8-3e86-4e9c-a51f-3890d1a09457,minecraft:bat,true,Bat,[null]
74.52304051190146,14.0,141.74841880330425,13406a8e-34ef-4c5d-b451-148d446ab788,minecraft:zombie,true,Zombie,[null]
65.43465867680513,12.0,150.17151407253772,6b532c35-b7e2-4463-ad5a-c6e7fd694cf2,minecraft:creeper,true,Creeper,[null]
-115.74436368954643,36.0,262.5190448322795,3bb1f65a-0dbc-42c9-b229-f06c49a38385,minecraft:zombie,true,Zombie,[null]
51.49131678417325,62.88637237600051,177.49756550975144,1ce5c426-5129-4805-aa95-a6bd54975048,minecraft:squid,true,Squid,[null]
-131.5,17.0,211.5,ca79ec26-f890-4cea-aac2-8aaf093838e8,minecraft:creeper,true,Creeper,[null]
75.5,61.0,122.5,7f911896-dea1-4941-ae20-9630356e82ad,minecraft:spider,true,Spider,[null]
-42.5,25.0,242.5,f4450967-ae13-477d-859e-2dd4325cb840,minecraft:skeleton,true,Skeleton,[null]
74.5,28.0,172.5,b0ea2173-0664-4a59-a484-98819f7bf431,minecraft:spider,true,Spider,[null]
64.73943360539772,19.0,159.46920649939997,41681d8f-82f6-412d-8014-ec8bf8ab60ba,minecraft:skeleton,true,Skeleton,[null]
65.74807940406014,19.0,161.3970230790203,018b1bfb-a349-456a-b62b-618c3497a4ec,minecraft:skeleton,true,Skeleton,[null]
53.0,63.0,10.0,25037d70-eaff-46a3-9589-9b156b1d6bc5,minecraft:sheep,true,Sheep,[null]
51.0,63.0,6.0,1246a73d-638a-49f3-a68e-5eaacacbd1b4,minecraft:sheep,true,Sheep,[null]
52.0,63.0,2.0,f28b9aec-5866-4732-b2c4-29e0526e5881,minecraft:sheep,true,Sheep,[null]
53.0,63.0,3.0,e0d1c9d6-c0c7-4bf1-befb-30b01cfcad63,minecraft:sheep,true,Sheep,[null]
127.0,67.0,15.0,c928da9c-3db7-4169-b590-9a91673cb933,minecraft:cow,true,Cow,[null]
127.0,67.0,15.0,7705e210-199f-43e4-bc0d-3ba1bf5a8572,minecraft:cow,true,Cow,[null]
124.0,67.0,14.0,093341a3-60fa-4da1-837f-4adfb8fe9ed6,minecraft:cow,true,Cow,[null]
-132.65363191345278,13.689700885270952,208.8010307587124,7ce1ba7c-1f93-4e75-992d-43481eb79f6c,minecraft:bat,true,Bat,[null]
42.51212145443373,31.100000023841858,141.25,6f41cbea-92aa-49fa-994d-beb607b24a15,minecraft:bat,true,Bat,[null]
38.53176407899169,32.873597828518676,143.57036734593228,c9940c5d-1c92-4270-8727-67cffc7d4622,minecraft:bat,true,Bat,[null]
-91.72086197924152,37.02766399909711,276.6316702440477,4e484a19-8fa8-449e-980c-7917e6050b66,minecraft:bat,true,Bat,[null]
61.75,51.0,126.28615420945715,d40403ce-79b2-45aa-ba0f-237687a0f746,minecraft:bat,true,Bat,[null]
36.28029284962269,59.920714670970106,191.60311831067136,9e6ee931-0cd1-4084-a060-1db80169dba7,minecraft:salmon,true,Salmon,[null]
35.451274733063265,58.939445086521864,189.36023883749684,233bd9ea-afe9-42ca-bda3-c4576d4baf7d,minecraft:salmon,true,Salmon,[null]
36.61421081523992,58.927850557864836,190.62470634308485,be7e4f94-0855-477f-b987-9975ae38e37b,minecraft:salmon,true,Salmon,[null]
45.49475856591016,61.42489891615696,183.414567574393,ed49ab18-350e-4393-acef-47d0899eceee,minecraft:squid,true,Squid,[null]
68.53788307523162,42.0,148.8108065310929,7734ec3e-30a3-4eb9-90f2-4b78a239aae5,minecraft:creeper,true,Creeper,[null]
-82.5,37.0,249.05860003618264,38aed662-ccbd-4664-8803-7bd0c1da7ce7,minecraft:creeper,true,Creeper,[null]
6.265438412039196,33.0,198.53015788246984,8e4bf65f-f345-4f6c-84d8-723a4b27d8cd,minecraft:skeleton,true,Skeleton,[null]
-5.5,33.0,198.5,2844eeec-0d8c-4a2e-b1e5-9bf2908cfa49,minecraft:skeleton,true,Skeleton,[null]
-1.4940101683742628,33.0,204.17127401730622,cb5072ce-8450-433f-8f80-83f98fd32dbd,minecraft:creeper,true,Creeper,[null]
61.5,43.0,129.5,52be2fd6-52b6-42a0-9b90-9076994dc190,minecraft:skeleton,true,Skeleton,[null]
-155.8048693442965,32.0,19.586224658820797,62524686-0605-457d-bb2e-d8b9e339bf5b,minecraft:item,true,Rail,[null]
143.5,19.5,-2.5,9097eb2c-6627-4da2-b134-7ee9c19f1924,minecraft:chest_minecart,true,Minecart with Chest,[null]
-10.991577970008823,27.0,71.00044515132834,ac122f4f-f146-41bf-baff-6c61dfcb112f,minecraft:spider,true,Spider,[null]
-9.638451521989644,21.0,221.63783087255803,b362c6e6-7613-4f94-b64c-9908b994757e,minecraft:zombie,true,Zombie,[null]
65.5,24.0,164.5,1ba7a8ad-c9a1-4d2b-92fb-1b11c433357c,minecraft:skeleton,true,Skeleton,[null]
150.0,70.0,-9.0,87e2a6b7-ec58-4fae-92e7-48bb82e7354a,minecraft:cow,true,Cow,[null]
151.0,70.0,-8.0,8959713b-5d9a-4ee2-97b5-c76e7c3d72ff,minecraft:cow,true,Cow,[null]
150.0,68.0,-12.0,8147d99c-4af5-4cc2-9612-6373a713e559,minecraft:cow,true,Cow,[null]
-147.0,65.0,-8.0,5231d52f-edf7-4095-a495-2c6ab4825c21,minecraft:cow,true,Cow,[null]
-146.0,65.0,-8.0,1d754e06-9f2f-4f19-823e-70a1e5956d4f,minecraft:cow,true,Cow,[null]
-149.0,65.0,-7.0,25be1c81-5129-4f6e-a7eb-759dad149c2c,minecraft:cow,true,Cow,[null]
-148.0,65.0,-6.0,283aa2b3-7f37-4bc6-927b-ddc0fd00779a,minecraft:cow,true,Cow,[null]
36.0,63.0,-15.0,28cbd8f2-ceba-4321-b389-35aaee97c2c4,minecraft:chicken,true,Chicken,[null]
34.0,63.0,-15.599999994039536,8963d6a2-d30b-4fe9-83b1-5f4cfd7b4c3b,minecraft:chicken,true,Chicken,[null]
35.0,64.0,-12.0,0c328cdb-f14d-49c6-974c-08bdbd94895a,minecraft:chicken,true,Chicken,[null]
35.0,64.0,-14.0,74b56ecc-095c-4627-930e-ec3b6f5b6702,minecraft:chicken,true,Chicken,[null]
-218.0,77.0,335.0,b0858aec-380b-4f97-b53f-5431dc418dfb,minecraft:sheep,true,Sheep,[null]
-221.0,77.0,334.0,5d8e2a23-06ae-489b-a310-bb8ef1222cc9,minecraft:sheep,true,Sheep,[null]
-223.0,78.0,333.0,a56d58fe-6e66-444c-8045-18f89eaef705,minecraft:sheep,true,Sheep,[null]
-221.0,77.0,334.0,f63782da-5e95-4b04-a659-38a8a274a01e,minecraft:sheep,true,Sheep,[null]
-86.5,29.0,207.5,592abc07-e709-4761-8bd9-bfcaa06475a4,minecraft:skeleton,true,Skeleton,[null]
-216.0,83.0,116.0,a2bff81e-3360-457d-af64-0c3e60b18dc1,minecraft:sheep,true,Sheep,[null]
-213.0,83.0,116.0,f2bc2995-df95-4d4c-a0a2-649dfbdba968,minecraft:sheep,true,Sheep,[null]
-216.0,83.0,116.0,eb38d844-f8e5-4b20-b86d-286ea3b4a5cf,minecraft:sheep,true,Sheep,[null]
-221.0,85.0,152.0,ba5ba56e-c979-441e-a630-7b4c51b43499,minecraft:llama,true,Llama,[null]
-105.5,39.0,208.5,936bb190-8016-4916-89f9-086d5a4065b0,minecraft:creeper,true,Creeper,[null]
59.51858068085691,16.0,178.17459697081136,ad21e6c8-48ce-4108-9a59-caef5812f634,minecraft:creeper,true,Creeper,[null]
71.19619942201544,15.0,168.86250008567984,a7568ad1-4aa3-4c26-82d2-7314a781c0c8,minecraft:creeper,true,Creeper,[null]
-115.79119731566962,33.0,146.7556978389589,8605afa5-34c1-4a5d-bf17-59e65ba89bbe,minecraft:skeleton,true,Skeleton,[null]
-40.5244821292369,26.0,204.3400971949734,241a9a00-8e6c-4f8f-b9e2-b2325e34b075,minecraft:creeper,true,Creeper,[null]
-42.5,26.0,201.5,51e61b16-a5a1-453f-8d2b-6f30f7c78073,minecraft:creeper,true,Creeper,[null]
-39.69999998807907,31.100000023841858,202.69999998807907,79872173-4714-4ded-9ff2-b5d881193b9e,minecraft:spider,true,Spider,[null]
-87.85493222502927,28.0,127.40523152967188,d35ccc07-e949-41a8-9423-045fd4682840,minecraft:creeper,true,Creeper,[null]
-90.71749197631596,30.0,135.51296658236302,b0815ecf-99bd-4ba0-b3d2-badaa292648b,minecraft:skeleton,true,Skeleton,[null]
72.5,40.0,170.30528662643982,d6887521-59a3-4c6b-a3bd-bd0518c0c1c0,minecraft:skeleton,true,Skeleton,[null]
72.5,40.0,168.5,ef0d02fc-cc0c-4d97-9aee-d49d7f6344f3,minecraft:skeleton,true,Skeleton,[null]
75.5,40.0,171.5,a884ea22-fc8c-4914-a90e-d8bb729a758e,minecraft:skeleton,true,Skeleton,[null]
-145.5,13.0,200.5,a4bbc609-7343-4912-8ab6-2f4afdd374ba,minecraft:skeleton,true,Skeleton,[null]
8.168837835354413,47.0,215.84827305912953,44e985cd-d506-4cbb-bf7b-5cb7e44e492b,minecraft:zombie,true,Zombie,[null]
40.736698978624524,29.0,143.519002228076,4c7c7baa-fcca-4f51-8541-7217e18be7be,minecraft:skeleton,true,Skeleton,[null]
-133.50776337013423,15.0,213.80904006124183,4e3b4ebf-03e3-4346-a4c1-b55c993b24b6,minecraft:zombie,true,Zombie,[null]
-143.43003701856296,15.0,223.5215978424204,53fc09e3-edfb-4660-99f2-e6471596b5cd,minecraft:zombie,true,Zombie,[null]
-142.8288887782199,15.0,223.4637377389635,1a07aa46-487d-4897-8e9e-40d8653ee0c6,minecraft:creeper,true,Creeper,[null]
21.07725884180273,51.581947016864504,252.96756792189652,4d9c5b87-cdd9-4269-ae10-022afcffe3e7,minecraft:bat,true,Bat,[null]
21.32009914908265,51.815349743138235,253.50562170210438,935a41cb-2232-435e-84f9-aacc01096d7b,minecraft:bat,true,Bat,[null]
-34.57906620762641,22.90852926889615,45.835271953495806,44f41457-81d2-40f3-9a68-94b81afd1912,minecraft:bat,true,Bat,[null]
-27.470877911673178,18.433952672091067,86.540442780681,e649ee28-bc53-4652-8cf1-7c4422896af8,minecraft:bat,true,Bat,[null]
-29.421778217156977,17.0,255.5055255832766,905773e3-4197-4985-99f3-cbbebab00ab5,minecraft:bat,true,Bat,[null]
42.47424457212591,20.40144456619915,144.85446294535197,40acddb0-7066-40f3-a038-ae6ccdc68b11,minecraft:bat,true,Bat,[null]
-144.98143436500922,29.428771377061395,219.44005448891332,fa7bb763-a87f-4598-9f18-9ca5722b194f,minecraft:bat,true,Bat,[null]
66.75553146404793,71.0,99.53310355972306,07870554-66b8-4f8a-9417-fbafa7fc53c2,minecraft:item,true,Egg,[null]
66.5,18.0,160.5,cc48c4a3-33e4-406b-90d8-d8b1baa3f7ca,minecraft:skeleton,true,Skeleton,[null]
-137.5,14.0,220.5,7c22836a-b72e-4446-9a2b-f13ac7696ae1,minecraft:skeleton,true,Skeleton,[null]
-130.9615093553117,14.0,218.9349234235357,d4bd573d-992e-4d15-9c42-76a5d7b7486a,minecraft:skeleton,true,Skeleton,[null]
