{
  "type": "minecraft:entity",
  "pools": [
    {
      "rolls": 1,
      "entries": [
        {
          "type": "minecraft:item",
          "functions": [
            {
				"function": "minecraft:enchant_randomly",
				"enchantments": [
					"binding_curse"
				]
			},
			{
			  "function": "minecraft:set_name",
			  "name": {
				"text": "Lucky Rabbit's Foot",
				"color": "aqua",
				"italic": "false"
			  }
			},
			{
			  "function": "minecraft:set_lore",
			  "lore": [
				{
				"text": "Feels pretty lucky!",
				"color": "blue",
				"italic": "false"
				},
				{
				"text": "(unless you're a rabbit)",
				"color": "gray",
				"italic": "true"
				}				
				]
			},
			{
			  "function": "minecraft:set_attributes",
			  "modifiers": [
				{
					"name": "generic.luck",
					"attribute": "generic.luck",
					"operation": "addition",
					"amount": {
						"min": 1,
						"max": 5
					},
					"slot": "offhand"
				}
			  ]
			},
			{
			  "function": "minecraft:set_nbt",
			  "tag": "{HideFlags:1}"
			}			
          ],
          "name": "minecraft:rabbit_foot"
        }
      ]
    }
  ]
}


{HideFlags:1